"abnormal","['finding', 'idea or concept', 'individual behavior', 'intellectual product']"
"absolute","['qualitative concept']"
"absolute neutrophil count","['cell', 'inorganic chemical', 'laboratory procedure', 'pharmacologic substance']"
"abstinence","['therapeutic or preventive procedure']"
"academic degree","['intellectual product', 'quantitative concept']"
"acceptable","['qualitative concept']"
"access","['functional concept', 'spatial concept']"
"accident and emergency department","['biomedical occupation or discipline', 'classification', 'disease or syndrome', 'finding', 'health care activity', 'health care related organization', 'idea or concept', 'intellectual product', 'manufactured object', 'phenomenon or process']"
"acids","['chemical', 'laboratory procedure', 'quantitative concept', 'sign or symptom']"
"active","['activity', 'daily or recreational activity', 'functional concept', 'idea or concept', 'intellectual product', 'laboratory procedure', 'organic chemical', 'pharmacologic substance', 'qualitative concept', 'research activity']"
"active tuberculosis","['disease or syndrome']"
"actual","['intellectual product', 'qualitative concept']"
"acute","['health care activity', 'intellectual product', 'temporal concept']"
"acute respiratory distress","['disease or syndrome']"
"additional","['functional concept', 'intellectual product', 'mental or behavioral dysfunction']"
"administrative","['finding', 'functional concept', 'intellectual product']"
"admission activity","['health care activity']"
"adrenal cortex hormones","['hormone', 'organic chemical', 'pharmacologic substance']"
"adult","['age group', 'population group']"
"advanced phase","['qualitative concept']"
"adverse event","['functional concept', 'geographic area', 'immunologic factor', 'intellectual product', 'pathologic function']"
"age of onset","['quantitative concept']"
"agree","['finding']"
"agreement","['intellectual product', 'social behavior']"
"air","['finding', 'gene or genome', 'inorganic chemical', 'intellectual product', 'pharmacologic substance']"
"airway structure","['medical device']"
"alanine","['biologically active substance', 'eukaryote', 'geographic area', 'laboratory procedure', 'organic chemical', 'pharmacologic substance']"
"alanine transaminase","['enzyme', 'gene or genome', 'laboratory procedure', 'language', 'neoplastic process', 'therapeutic or preventive procedure']"
"alcohol abuse","['mental or behavioral dysfunction']"
"allergic","['functional concept']"
"allergic reaction","['biomedical occupation or discipline', 'finding', 'idea or concept', 'pathologic function', 'physiologic function']"
"alternative","['functional concept', 'idea or concept', 'qualitative concept']"
"ambient","['qualitative concept']"
"amenable","['qualitative concept']"
"amiodarone","['organic chemical', 'pharmacologic substance']"
"analysis","['functional concept', 'research activity']"
"anaphylaxis","['disease or syndrome', 'finding', 'pathologic function']"
"angina pectoris","['finding', 'sign or symptom']"
"angina unstable","['disease or syndrome']"
"anosmia","['finding', 'organism function', 'sign or symptom']"
"antibodies","['cell component', 'fish', 'functional concept', 'immunologic factor', 'intellectual product', 'molecular function', 'pharmacologic substance']"
"anticipated","['finding']"
"anticoagulants","['pharmacologic substance']"
"anticoagulation therapy","['physiologic function', 'therapeutic or preventive procedure']"
"antiviral agents","['pharmacologic substance']"
"applicable","['qualitative concept']"
"approved","['functional concept', 'idea or concept', 'qualitative concept', 'regulation or law']"
"arcn1 gene","['disease or syndrome', 'gene or genome']"
"area","['eukaryote', 'geographic area', 'governmental or regulatory activity', 'spatial concept']"
"arterial","['spatial concept']"
"arteries","['body system']"
"arteriopathic disease","['disease or syndrome']"
"arthritis","['disease or syndrome', 'finding']"
"aspartate","['biologically active substance', 'body substance', 'gene or genome', 'laboratory procedure', 'reptile']"
"aspartate transaminase","['body space or junction', 'enzyme', 'gene or genome', 'laboratory procedure', 'language', 'temporal concept']"
"assay","['laboratory procedure', 'qualitative concept']"
"assent","['conceptual entity']"
"assessed","['activity', 'health care activity', 'intellectual product']"
"asthma","['conceptual entity', 'disease or syndrome', 'gene or genome', 'immunologic factor']"
"asymptomatic","['finding']"
"atrial fibrillation","['disease or syndrome', 'finding', 'gene or genome', 'geographic area', 'laboratory or test result']"
"authorized","['finding', 'intellectual product']"
"azithromycin","['antibiotic', 'clinical drug', 'organic chemical']"
"bacterial","['qualitative concept']"
"bacterial infections","['disease or syndrome']"
"barrier","['medical device']"
"baseline","['biomedical or dental material', 'idea or concept', 'quantitative concept']"
"beneficiary","['functional concept']"
"bilateral","['spatial concept']"
"bilirubin","['biologically active substance', 'clinical attribute', 'laboratory or test result', 'laboratory procedure', 'organic chemical']"
"biological","['biologically active substance', 'chemical viewed functionally', 'intellectual product', 'qualitative concept']"
"bleeding tendency","['disease or syndrome', 'pathologic function']"
"blocking","['biomedical or dental material', 'body substance', 'functional concept', 'mental or behavioral dysfunction', 'pathologic function', 'quantitative concept']"
"blood cells","['cell']"
"blood coagulation disorders","['disease or syndrome', 'idea or concept', 'organ or tissue function', 'pathologic function', 'physiologic function']"
"blood platelets","['cell', 'finding', 'laboratory procedure', 'pharmacologic substance']"
"blood product","['idea or concept', 'pharmacologic substance']"
"blood transfusion","['functional concept', 'therapeutic or preventive procedure']"
"body donation","['activity', 'health care activity', 'quantitative concept']"
"body fluids","['body substance', 'intellectual product', 'substance']"
"body mass","['finding']"
"body mass index","['clinical attribute', 'diagnostic procedure', 'finding']"
"body temperature","['idea or concept', 'organism attribute']"
"body weight","['geographic area', 'health care activity', 'idea or concept', 'organism attribute', 'qualitative concept', 'quantitative concept']"
"bone marrow","['tissue']"
"bone marrow transplantation","['therapeutic or preventive procedure']"
"bony process","['intellectual product', 'laboratory procedure', 'plant']"
"brain","['disease or syndrome']"
"breast feeding","['biomedical occupation or discipline', 'organism function', 'therapeutic or preventive procedure']"
"breaths per minute","['quantitative concept', 'therapeutic or preventive procedure']"
"c-reactive protein","['finding', 'gene or genome', 'immunologic factor', 'laboratory procedure']"
"cancer genus","['biomedical occupation or discipline', 'eukaryote', 'food', 'immunologic factor', 'neoplastic process', 'pharmacologic substance']"
"cannula device","['body substance', 'eukaryote', 'intellectual product', 'medical device']"
"capacity","['quantitative concept']"
"capillary vessel","['intellectual product', 'tissue']"
"cardiac arrhythmia","['disease or syndrome', 'finding']"
"cardiomyopathies","['disease or syndrome']"
"cardiovascular","['body location or region', 'body system']"
"cardiovascular diseases","['disease or syndrome', 'therapeutic or preventive procedure']"
"caregiver","['idea or concept', 'professional or occupational group']"
"caucasians","['population group', 'qualitative concept']"
"cd4 gene","['biologically active substance', 'gene or genome', 'immunologic factor', 'laboratory procedure', 'receptor']"
"cell nucleus","['cell component']"
"cell respiration","['cell function', 'organ or tissue function']"
"cells","['cell', 'gene or genome', 'intellectual product', 'laboratory procedure', 'manufactured object', 'medical device']"
"centimeters of water","['quantitative concept']"
"central","['finding', 'functional concept', 'spatial concept']"
"cerebrovascular","['qualitative concept']"
"chain device","['idea or concept', 'manufactured object', 'medical device']"
"chemotherapy","['functional concept', 'therapeutic or preventive procedure']"
"chest","['body location or region', 'disease or syndrome']"
"chest ct","['diagnostic procedure']"
"chest radiograph","['diagnostic procedure']"
"child-pugh clinical classification","['intellectual product']"
"childbearing potential","['clinical attribute']"
"chloroquine","['organic chemical', 'pharmacologic substance']"
"chronic","['health care activity', 'intellectual product', 'temporal concept']"
"chronic disease","['disease or syndrome']"
"chronic kidney diseases","['disease or syndrome', 'finding']"
"chronic liver disease","['disease or syndrome']"
"chronic obstructive airway disease","['disease or syndrome', 'gene or genome', 'natural phenomenon or process', 'physiologic function']"
"cirrhosis","['disease or syndrome']"
"city of berlin","['geographic area']"
"class","['classification', 'conceptual entity', 'functional concept', 'health care activity', 'intellectual product', 'quantitative concept']"
"classification","['classification', 'functional concept', 'occupational activity']"
"clinic","['health care related organization', 'manufactured object', 'spatial concept']"
"clinical laboratory","['health care related organization', 'manufactured object']"
"clinical research","['research activity']"
"clinical trials","['idea or concept', 'research activity']"
"clinician","['intellectual product', 'professional or occupational group']"
"close","['finding', 'functional concept']"
"cognitive","['functional concept']"
"cohort","['population group', 'quantitative concept']"
"coinfection","['disease or syndrome']"
"colchicine","['organic chemical', 'pharmacologic substance']"
"combination of objects","['finding', 'physical object']"
"commercial","['intellectual product', 'manufactured object']"
"communicable diseases","['body location or region', 'disease or syndrome', 'educational activity', 'functional concept', 'gene or genome', 'geographic area', 'idea or concept', 'intellectual product', 'laboratory procedure', 'qualitative concept', 'quantitative concept']"
"community","['group']"
"comorbidity","['finding']"
"compatible","['idea or concept', 'qualitative concept']"
"complete","['finding', 'functional concept', 'idea or concept', 'qualitative concept']"
"comply","['pharmacologic substance']"
"comprehension","['intellectual product', 'mental process']"
"computers","['manufactured object']"
"condoms male","['functional concept', 'medical device', 'pharmacologic substance']"
"confirmation","['finding', 'intellectual product', 'qualitative concept']"
"confirmed case","['finding']"
"confusion","['finding', 'intellectual product', 'mental or behavioral dysfunction']"
"congenital qualifier","['qualitative concept']"
"congestive","['qualitative concept']"
"congestive heart failure","['body space or junction', 'congenital abnormality', 'disease or syndrome']"
"conscious","['finding', 'mental process']"
"consecutive","['qualitative concept']"
"consent forms","['enzyme', 'intellectual product']"
"consultation","['classification', 'health care activity', 'intellectual product']"
"continuous","['idea or concept']"
"continuous positive airway pressure","['gene or genome', 'therapeutic or preventive procedure']"
"contraception barrier","['therapeutic or preventive procedure']"
"contraceptive methods","['therapeutic or preventive procedure']"
"contraindication","['finding', 'intellectual product', 'qualitative concept']"
"convalescent","['idea or concept']"
"coronary","['spatial concept']"
"coronary artery disease","['diagnostic procedure', 'disease or syndrome', 'enzyme', 'gene or genome', 'language', 'research activity', 'therapeutic or preventive procedure']"
"coronavirus infections","['disease or syndrome']"
"cough with fever","['sign or symptom']"
"count","['quantitative concept']"
"creatinine","['biologically active substance', 'finding', 'laboratory procedure', 'organic chemical']"
"creatinine clearance","['biologic function', 'laboratory procedure']"
"critical","['finding', 'idea or concept', 'intellectual product', 'qualitative concept']"
"critical illness","['disease or syndrome']"
"cubic millimeter","['body system', 'gene or genome', 'idea or concept', 'neoplastic process', 'professional or occupational group', 'quantitative concept']"
"current therapy","['therapeutic or preventive procedure']"
"cyclosporine","['disease or syndrome', 'gene or genome', 'immunologic factor', 'pharmacologic substance']"
"cyp3a4 gene","['enzyme', 'gene or genome', 'molecular function']"
"daily","['temporal concept']"
"data","['idea or concept', 'medical device']"
"data transcription","['activity', 'genetic function']"
"death domain","['finding', 'idea or concept', 'intellectual product', 'organism function']"
"deciliter","['functional concept', 'gene or genome', 'quantitative concept']"
"decision","['gene or genome', 'mental process']"
"decreased translucency","['finding']"
"deep resection margin","['clinical attribute']"
"deep vein thrombosis","['disease or syndrome', 'intellectual product']"
"deficiency","['functional concept', 'qualitative concept']"
"deficiency of glucose-6-phosphate dehydrogenase","['disease or syndrome', 'enzyme', 'gene or genome', 'laboratory procedure']"
"deficit","['qualitative concept']"
"definition","['conceptual entity', 'idea or concept', 'intellectual product']"
"dementia","['mental or behavioral dysfunction']"
"department","['idea or concept', 'organization', 'spatial concept']"
"devices","['functional concept', 'manufactured object', 'medical device', 'quantitative concept']"
"diabetes","['disease or syndrome']"
"diabetes mellitus","['cell or molecular dysfunction', 'disease or syndrome', 'geographic area', 'idea or concept', 'organic chemical', 'pharmacologic substance', 'quantitative concept']"
"diagnosis clinical","['diagnostic procedure']"
"diagnostic","['diagnostic procedure', 'functional concept', 'intellectual product']"
"diagnostic criteria","['intellectual product']"
"diagnostic tests","['diagnostic procedure', 'research activity']"
"diarrhea","['disease or syndrome', 'finding', 'intellectual product', 'sign or symptom']"
"diastole","['clinical attribute']"
"diastolic blood pressure","['clinical attribute', 'diagnostic procedure', 'finding']"
"dietary supplementation","['food', 'therapeutic or preventive procedure']"
"digoxin","['clinical attribute', 'laboratory procedure', 'organic chemical', 'pharmacologic substance']"
"direct - postaladdressuse","['intellectual product', 'qualitative concept']"
"discord","['finding', 'functional concept', 'social behavior']"
"disease management","['functional concept', 'health care activity', 'occupation or discipline', 'occupational activity']"
"distress","['finding']"
"diverticulitis","['disease or syndrome']"
"documentation","['health care activity', 'intellectual product']"
"documented","['health care activity', 'intellectual product']"
"documents","['hormone', 'idea or concept', 'intellectual product', 'organic chemical', 'pharmacologic substance']"
"donor person","['finding', 'population group']"
"dosage","['conceptual entity', 'quantitative concept']"
"drug abuse","['hazardous or poisonous substance', 'mental or behavioral dysfunction']"
"drug effect","['biologic function', 'functional concept', 'geographic area', 'intellectual product', 'pathologic function', 'population group']"
"drug evaluation","['laboratory procedure', 'research activity']"
"drugs - dental services","['pharmacologic substance', 'therapeutic or preventive procedure']"
"due","['functional concept', 'idea or concept']"
"dyspnea","['finding', 'intellectual product', 'sign or symptom']"
"edema","['pathologic function', 'reptile']"
"effect","['finding', 'qualitative concept']"
"effective","['qualitative concept']"
"effusion","['intellectual product', 'pathologic function']"
"ejection time","['clinical attribute', 'daily or recreational activity', 'finding', 'phenomenon or process']"
"electrical current","['natural phenomenon or process']"
"electrocardiogram","['diagnostic procedure', 'hormone', 'medical device', 'organic chemical', 'pharmacologic substance']"
"electronic","['idea or concept', 'occupation or discipline']"
"eligible","['health care activity', 'qualitative concept']"
"embolism","['pathologic function']"
"end-stage","['manufactured object', 'qualitative concept']"
"endotracheal","['functional concept', 'spatial concept']"
"energy absorption","['clinical attribute', 'natural phenomenon or process', 'organism function', 'phenomenon or process', 'quantitative concept']"
"english race","['language', 'population group']"
"enrollment","['health care activity', 'research activity', 'temporal concept']"
"entry - actclass","['functional concept', 'idea or concept']"
"epilepsy","['disease or syndrome']"
"equal","['intellectual product', 'qualitative concept', 'quantitative concept']"
"erectile dysfunction","['classification', 'disease or syndrome', 'finding', 'health care related organization', 'idea or concept', 'intellectual product', 'manufactured object']"
"estimated glomerular filtration rate","['enzyme', 'gene or genome', 'laboratory procedure', 'molecular function', 'receptor']"
"ethanol","['clinical attribute', 'intellectual product', 'laboratory procedure', 'organic chemical', 'pharmacologic substance']"
"evaluation","['health care activity', 'idea or concept', 'intellectual product']"
"evaluation procedure","['activity', 'health care activity', 'intellectual product']"
"event","['classification', 'event', 'quantitative concept']"
"evidence","['idea or concept']"
"exam","['functional concept', 'health care activity']"
"exception - responselevel","['conceptual entity', 'idea or concept']"
"expectations","['idea or concept']"
"extracorporeal","['functional concept', 'spatial concept']"
"extracorporeal membrane oxygenation","['therapeutic or preventive procedure']"
"eye","['biomedical or dental material', 'body location or region', 'body substance', 'functional concept', 'intellectual product', 'occupation or discipline', 'organism function']"
"facility","['manufactured object']"
"factor","['conceptual entity', 'functional concept']"
"family member","['family group']"
"fatigue","['finding', 'intellectual product', 'sign or symptom']"
"feeding patient","['activity', 'health care activity', 'intellectual product']"
"female of childbearing potential","['population group']"
"females","['organism attribute', 'population group', 'qualitative concept']"
"ferritin","['biologically active substance', 'clinical attribute', 'laboratory procedure', 'pharmacologic substance']"
"fever","['finding', 'phenomenon or process', 'sign or symptom', 'therapeutic or preventive procedure']"
"fibrillations","['disease or syndrome']"
"fibrin fragment d","['biologically active substance', 'laboratory procedure']"
"fibrosis","['diagnostic procedure', 'pathologic function']"
"filtration","['human-caused phenomenon or process', 'therapeutic or preventive procedure']"
"finding of platelet count","['laboratory or test result', 'laboratory procedure']"
"findings aspects","['functional concept', 'intellectual product']"
"firstly","['functional concept', 'intellectual product', 'qualitative concept', 'temporal concept']"
"flow","['natural phenomenon or process']"
"fluid overload","['pathologic function']"
"follow-up","['finding', 'health care activity', 'intellectual product']"
"formation","['biologic function', 'functional concept', 'manufactured object', 'qualitative concept', 'spatial concept']"
"formula - diet","['intellectual product', 'therapeutic or preventive procedure']"
"freedom","['idea or concept']"
"french race","['language', 'population group', 'quantitative concept']"
"frequency","['intellectual product', 'quantitative concept', 'temporal concept']"
"full","['qualitative concept']"
"functional","['conceptual entity', 'daily or recreational activity', 'functional concept']"
"fungal","['functional concept']"
"future","['temporal concept']"
"g6pd gene","['disease or syndrome', 'enzyme', 'gene or genome', 'laboratory procedure']"
"gastrointestinal","['finding', 'gene or genome', 'geographic area', 'intellectual product', 'population group', 'quantitative concept', 'spatial concept']"
"gender","['organism attribute']"
"generalized","['health care activity', 'intellectual product', 'spatial concept']"
"glomerular filtration","['organ or tissue function']"
"glomerular filtration rate","['diagnostic procedure', 'finding', 'gene or genome']"
"glucose-6-phosphate","['biologically active substance', 'organic chemical']"
"glycation end products advanced","['biologically active substance', 'organic chemical']"
"good","['idea or concept', 'qualitative concept']"
"gpt gene","['congenital abnormality', 'enzyme', 'gene or genome', 'laboratory procedure']"
"guardian","['family group', 'idea or concept', 'population group']"
"guardianship","['governmental or regulatory activity']"
"guidelines","['intellectual product']"
"headache","['finding', 'intellectual product', 'sign or symptom']"
"health insurance","['health care activity']"
"health personnel","['professional or occupational group']"
"healthy","['qualitative concept']"
"heart","['language', 'pharmacologic substance', 'qualitative concept']"
"heart diseases","['disease or syndrome', 'sign or symptom']"
"heart failure","['disease or syndrome', 'finding']"
"heart rate","['biologic function', 'clinical attribute', 'gene or genome', 'geographic area', 'temporal concept']"
"helping behavior","['health care related organization', 'social behavior']"
"hematologic","['functional concept']"
"hematologic neoplasms","['neoplastic process']"
"hematopoietic","['functional concept']"
"hemodialysis","['functional concept', 'therapeutic or preventive procedure']"
"hemodynamics","['organ or tissue function']"
"hemoglobin","['biologically active substance', 'finding', 'gene or genome', 'laboratory or test result', 'laboratory procedure']"
"hemorrhage","['pathologic function', 'therapeutic or preventive procedure']"
"hepatic","['body location or region']"
"hepatic impairment","['disease or syndrome']"
"hepatitis","['disease or syndrome']"
"hepatitis active","['finding']"
"hepatitis b","['disease or syndrome', 'immunologic factor', 'pharmacologic substance', 'virus']"
"hepatitis b virus","['disease or syndrome', 'virus']"
"hepatitis c","['disease or syndrome', 'virus']"
"hepatitis c virus","['disease or syndrome', 'virus']"
"high","['finding', 'idea or concept', 'intellectual product', 'qualitative concept']"
"high risk","['finding']"
"hiv","['immunologic factor', 'laboratory procedure', 'language', 'pharmacologic substance', 'virus']"
"hiv infections","['disease or syndrome']"
"home oxygen","['finding']"
"homo sapiens","['human', 'language', 'mammal', 'organism attribute', 'population group']"
"hormonal","['qualitative concept']"
"hormonal contraception","['therapeutic or preventive procedure']"
"hospital admission","['health care activity', 'idea or concept']"
"hospitalization","['health care activity']"
"hospitalized patients","['patient or disabled group']"
"hospitals","['health care related organization', 'idea or concept', 'manufactured object', 'molecular function']"
"hospitals university","['health care related organization', 'manufactured object']"
"households","['family group']"
"hydranencephaly with renal aplasia-dysplasia","['disease or syndrome']"
"hydroxychloroquine","['organic chemical', 'pharmacologic substance']"
"hypertension ctcae","['disease or syndrome', 'finding']"
"hypertensive disease","['biologically active substance', 'disease or syndrome', 'finding', 'gene or genome']"
"hypotension","['biologically active substance', 'finding', 'gene or genome']"
"hypoxemia","['finding']"
"hypoxia","['finding', 'pathologic function']"
"imaging technology","['biomedical occupation or discipline', 'diagnostic procedure']"
"immune","['finding']"
"immunocompromised host","['finding']"
"immunodeficiency virus","['virus']"
"immunoglobulins","['cell component', 'immunologic factor', 'laboratory procedure', 'molecular function', 'pharmacologic substance']"
"immunologic deficiency syndromes","['disease or syndrome']"
"immunosuppression","['disease or syndrome', 'organism function', 'therapeutic or preventive procedure']"
"immunosuppressive agents","['immunologic factor', 'pharmacologic substance']"
"immunotherapy","['immunologic factor', 'pharmacologic substance', 'therapeutic or preventive procedure']"
"impaired","['functional concept', 'pathologic function']"
"impaired cognition","['finding', 'mental or behavioral dysfunction']"
"implants","['biomedical or dental material', 'functional concept', 'intellectual product', 'medical device', 'quantitative concept', 'therapeutic or preventive procedure']"
"impossible","['qualitative concept']"
"increase","['functional concept', 'qualitative concept']"
"index","['diagnostic procedure', 'idea or concept', 'intellectual product']"
"indication","['idea or concept']"
"individual","['idea or concept', 'population group']"
"infarction","['pathologic function']"
"infected","['finding', 'pathologic function']"
"infiltration","['functional concept', 'intellectual product', 'pathologic function']"
"inflammatory","['functional concept']"
"influenza","['disease or syndrome', 'gene or genome', 'immunologic factor', 'organism function', 'pharmacologic substance', 'quantitative concept']"
"information","['idea or concept', 'intellectual product']"
"infusion route","['functional concept', 'therapeutic or preventive procedure']"
"initiation","['functional concept', 'genetic function', 'temporal concept']"
"inpatient","['health care activity', 'idea or concept', 'patient or disabled group']"
"inspiration function","['biologic function', 'disease or syndrome', 'functional concept', 'immunologic factor', 'intellectual product', 'organism function', 'pharmacologic substance', 'physiologic function', 'quantitative concept']"
"inspired fraction of oxygen","['diagnostic procedure', 'finding']"
"instability","['finding']"
"instructions","['educational activity', 'intellectual product']"
"insufficiency","['functional concept']"
"insurance","['idea or concept', 'intellectual product']"
"intensive care","['biomedical occupation or discipline', 'health care activity']"
"intensive care unit","['health care related organization', 'idea or concept', 'intellectual product', 'manufactured object']"
"interest","['mental process']"
"international","['idea or concept']"
"internet","['manufactured object']"
"interstitial","['body location or region', 'functional concept']"
"interval","['intellectual product', 'manufactured object', 'temporal concept']"
"interventional study","['research activity', 'therapeutic or preventive procedure']"
"intestines","['intellectual product']"
"intolerance function","['finding', 'idea or concept', 'intellectual product', 'organism attribute', 'organism function']"
"intracranial","['body location or region', 'functional concept']"
"intrauterine","['functional concept', 'quantitative concept', 'spatial concept']"
"intrauterine devices","['biomedical or dental material', 'health care activity', 'intellectual product', 'medical device', 'pathologic function']"
"intravenous","['functional concept', 'gene or genome', 'intellectual product', 'neoplastic process', 'spatial concept', 'therapeutic or preventive procedure']"
"intubation","['therapeutic or preventive procedure']"
"intubation intratracheal","['therapeutic or preventive procedure']"
"invasive","['finding', 'qualitative concept']"
"investigational","['health care activity', 'intellectual product', 'qualitative concept']"
"investigational new drugs","['fish', 'functional concept', 'geographic area', 'language', 'manufactured object', 'pharmacologic substance', 'therapeutic or preventive procedure']"
"investigational product","['conceptual entity']"
"ischemic","['functional concept']"
"item collection","['conceptual entity', 'idea or concept']"
"judgment","['mental process']"
"justice","['qualitative concept']"
"kidney","['gene or genome']"
"kidney diseases","['disease or syndrome']"
"kidney failure","['disease or syndrome', 'finding']"
"kidney failure chronic","['disease or syndrome', 'gene or genome', 'hormone', 'intellectual product', 'organic chemical', 'pharmacologic substance', 'sign or symptom']"
"kidney glomerulus","['disease or syndrome']"
"kidney replacement procedure","['disease or syndrome', 'therapeutic or preventive procedure']"
"kilogram","['geographic area', 'population group', 'quantitative concept']"
"laboratory","['functional concept', 'gene or genome', 'health care related organization', 'intellectual product', 'laboratory or test result', 'mammal', 'manufactured object']"
"laboratory procedures","['body location or region', 'functional concept', 'intellectual product', 'laboratory or test result', 'laboratory procedure', 'quantitative concept']"
"lack","['qualitative concept']"
"lactation","['organ or tissue function', 'organism function']"
"languages","['intellectual product', 'language']"
"legal","['conceptual entity', 'functional concept', 'intellectual product']"
"leukocytes","['body substance', 'cell', 'intellectual product', 'laboratory procedure']"
"life expectancy","['group attribute']"
"limit - amount class","['idea or concept']"
"limitation","['functional concept']"
"limited walking ability","['finding', 'intellectual product']"
"liver","['disease or syndrome', 'food', 'organic chemical', 'pharmacologic substance', 'vitamin']"
"liver cirrhosis","['disease or syndrome']"
"liver diseases","['disease or syndrome']"
"liver dysfunction","['finding']"
"liver failure","['disease or syndrome', 'finding', 'pathologic function']"
"liver function","['organ or tissue function']"
"living","['conceptual entity', 'finding']"
"loading technique","['activity', 'idea or concept', 'manufactured object']"
"local","['idea or concept', 'spatial concept']"
"location equipment - ventilator","['medical device', 'spatial concept']"
"long","['qualitative concept']"
"long qt syndrome","['disease or syndrome', 'finding', 'gene or genome']"
"long-term","['temporal concept']"
"lopinavir","['organic chemical', 'pharmacologic substance']"
"lopinavir / ritonavir","['pharmacologic substance']"
"loss","['quantitative concept']"
"low","['finding', 'intellectual product', 'qualitative concept', 'quantitative concept']"
"lower respiratory tract structure","['body system']"
"lung","['disease or syndrome']"
"lung diseases","['disease or syndrome']"
"lung diseases obstructive","['disease or syndrome']"
"lymphocyte","['body substance', 'cell', 'intellectual product', 'laboratory procedure']"
"lymphocyte count measurement","['body substance', 'cell', 'classification', 'intellectual product', 'laboratory procedure']"
"lymphoma","['neoplastic process']"
"macrolides","['antibiotic', 'organic chemical', 'pharmacologic substance']"
"major","['eukaryote', 'qualitative concept']"
"malaise","['finding', 'intellectual product', 'sign or symptom']"
"males","['human', 'language', 'organism attribute', 'population group', 'qualitative concept']"
"malignant - descriptor","['qualitative concept']"
"malignant neoplasms","['biologically active substance', 'biomedical occupation or discipline', 'eukaryote', 'geographic area', 'intellectual product', 'laboratory procedure', 'molecular function', 'neoplastic process', 'pharmacologic substance', 'therapeutic or preventive procedure']"
"manifest","['functional concept', 'qualitative concept']"
"marrow","['food', 'intellectual product']"
"masks","['gene or genome', 'idea or concept', 'medical device']"
"mathematical operator","['intellectual product', 'physiologic function', 'population group']"
"maximum","['biologically active substance', 'gene or genome', 'intellectual product', 'quantitative concept']"
"measures","['functional concept', 'quantitative concept']"
"mechanical methods","['functional concept']"
"mechanical ventilation","['finding', 'therapeutic or preventive procedure']"
"medical","['functional concept', 'health care activity', 'idea or concept', 'intellectual product']"
"medical condition","['finding']"
"medical contraindication","['finding']"
"medical device material perforation","['finding']"
"medical history","['finding', 'gene or genome', 'intellectual product']"
"medical records","['functional concept', 'intellectual product']"
"member","['group', 'population group', 'professional or occupational group']"
"membrane","['cell component', 'manufactured object', 'tissue']"
"menstruation","['bird', 'finding', 'organism function', 'quantitative concept', 'research activity']"
"mental concentration","['biomedical or dental material', 'intellectual product', 'medical device', 'mental process', 'quantitative concept']"
"mental disorders","['mental or behavioral dysfunction']"
"mercury","['hazardous or poisonous substance', 'laboratory procedure']"
"methods","['functional concept', 'intellectual product', 'laboratory procedure']"
"mild adverse event","['classification', 'finding', 'intellectual product', 'qualitative concept']"
"mild to moderate","['qualitative concept']"
"milligram per deciliter","['quantitative concept']"
"millimeter of mercury","['quantitative concept']"
"millimole","['quantitative concept']"
"minim","['language', 'manufactured object', 'qualitative concept', 'quantitative concept', 'temporal concept']"
"moderate","['finding', 'intellectual product', 'qualitative concept']"
"moderate to severe","['qualitative concept']"
"molecular","['qualitative concept']"
"monitoring - action","['health care activity']"
"monoclonal","['finding']"
"monoclonal antibodies","['clinical drug', 'immunologic factor', 'pharmacologic substance', 'therapeutic or preventive procedure']"
"month","['biologically active substance', 'geographic area', 'idea or concept', 'intellectual product', 'qualitative concept', 'quantitative concept', 'temporal concept']"
"multiple organ failure","['finding', 'gene or genome', 'pathologic function', 'therapeutic or preventive procedure']"
"muscle tissue","['eukaryote', 'tissue']"
"myalgia","['finding', 'sign or symptom']"
"myasthenia gravis","['disease or syndrome', 'finding']"
"myasthenias","['disease or syndrome']"
"mycoses","['disease or syndrome']"
"myocardial","['spatial concept']"
"myocardial infarction","['diagnostic procedure', 'disease or syndrome', 'eukaryote', 'finding', 'functional concept', 'gene or genome', 'intellectual product', 'laboratory procedure', 'quantitative concept', 'therapeutic or preventive procedure']"
"myocardial ischemia","['disease or syndrome']"
"nasal cannula","['medical device']"
"nasopharynx","['disease or syndrome']"
"national citizen","['organization', 'population group']"
"negative","['conceptual entity', 'finding', 'qualitative concept']"
"neoplasms","['biomedical occupation or discipline', 'finding', 'health care activity', 'intellectual product', 'neoplastic process']"
"neutropenia","['disease or syndrome', 'finding']"
"neutrophil","['body substance', 'cell', 'cell function', 'intellectual product', 'laboratory procedure']"
"nigeria","['functional concept', 'geographic area', 'hazardous or poisonous substance', 'intellectual product', 'organic chemical', 'pharmacologic substance', 'quantitative concept']"
"non-invasive","['functional concept']"
"noninvasive ventilation","['therapeutic or preventive procedure']"
"normal range","['quantitative concept']"
"nose","['biomedical or dental material', 'disease or syndrome', 'functional concept']"
"nr4a3 gene","['gene or genome', 'geographic area', 'language', 'professional or occupational group', 'receptor']"
"nucleic acids","['biologically active substance', 'cell component']"
"numerous","['quantitative concept']"
"nuosu language","['intellectual product', 'language', 'neoplastic process']"
"obesity","['disease or syndrome', 'finding']"
"observational study","['diagnostic procedure', 'research activity']"
"operative surgical procedures","['activity', 'biomedical occupation or discipline', 'functional concept', 'health care activity', 'idea or concept', 'machine activity', 'therapeutic or preventive procedure']"
"opinions","['idea or concept']"
"oral","['biomedical or dental material', 'body space or junction', 'functional concept', 'spatial concept']"
"oral medication","['therapeutic or preventive procedure']"
"organ transplantation","['health care activity', 'individual behavior', 'therapeutic or preventive procedure']"
"oropharyngeal","['body location or region', 'disease or syndrome', 'functional concept']"
"outpatients","['classification', 'idea or concept', 'patient or disabled group']"
"oxidoreductase","['enzyme', 'gene or genome']"
"oxygen","['biologically active substance', 'pharmacologic substance', 'spatial concept']"
"oxygen saturation measurement","['laboratory procedure', 'organ or tissue function', 'organism attribute']"
"pacemakers","['diagnostic procedure', 'intellectual product', 'medical device', 'therapeutic or preventive procedure']"
"packaging case","['conceptual entity', 'medical device', 'qualitative concept', 'quantitative concept']"
"palliative care","['biomedical occupation or discipline', 'health care activity', 'therapeutic or preventive procedure']"
"pandemics","['phenomenon or process']"
"part","['idea or concept', 'quantitative concept', 'spatial concept']"
"partial","['idea or concept', 'quantitative concept']"
"partial pressure","['natural phenomenon or process']"
"partial pressure of oxygen","['laboratory procedure', 'molecular function']"
"participant","['human', 'physical object', 'population group']"
"participation","['functional concept']"
"past 3 months","['temporal concept']"
"past 30 days","['temporal concept']"
"past 6 months","['temporal concept']"
"pathology","['biomedical occupation or discipline', 'functional concept', 'laboratory procedure', 'pathologic function']"
"patient discharge","['body substance', 'health care activity', 'intellectual product', 'research activity', 'sign or symptom']"
"patient is female","['organism attribute']"
"peripheral","['spatial concept']"
"peritoneal","['body location or region', 'tissue']"
"peritoneal dialysis","['finding', 'therapeutic or preventive procedure']"
"permutation","['idea or concept', 'intellectual product', 'qualitative concept']"
"personal attribute","['idea or concept', 'organism attribute', 'research activity']"
"personnel","['professional or occupational group', 'quantitative concept']"
"persons","['group', 'population group', 'qualitative concept']"
"pharmaceutical excipient","['biomedical or dental material']"
"pharmacologic substance","['conceptual entity', 'pharmacologic substance', 'therapeutic or preventive procedure']"
"phase","['classification', 'temporal concept']"
"physical","['finding', 'functional concept', 'health care activity', 'intellectual product']"
"physical examination","['activity', 'health care activity', 'intellectual product']"
"physicians","['biomedical or dental material', 'intellectual product', 'population group', 'professional or occupational group']"
"plain chest x-ray","['diagnostic procedure', 'geographic area']"
"plain x-ray","['diagnostic procedure', 'functional concept', 'intellectual product', 'natural phenomenon or process']"
"planned","['disease or syndrome', 'functional concept', 'intellectual product']"
"plasma","['body substance', 'intellectual product', 'pharmacologic substance']"
"platelets ctcae","['cell', 'finding', 'laboratory procedure', 'pharmacologic substance']"
"pneumonia","['disease or syndrome']"
"pneumonia viral","['disease or syndrome']"
"pneumothorax","['disease or syndrome', 'finding']"
"po2 measurement","['laboratory procedure', 'molecular function']"
"point","['quantitative concept', 'spatial concept']"
"polymerase","['enzyme']"
"polymerase chain reaction","['finding', 'molecular biology research technique']"
"population group","['body substance', 'conceptual entity', 'functional concept', 'idea or concept', 'population group', 'quantitative concept']"
"porphyria <eukaryote>","['disease or syndrome', 'eukaryote']"
"portion of respiratory air","['body substance']"
"positioning attribute","['intellectual product', 'spatial concept', 'therapeutic or preventive procedure']"
"positive end-expiratory pressure","['therapeutic or preventive procedure']"
"positive pregnancy test","['laboratory or test result']"
"potassium","['biologically active substance', 'food', 'inorganic chemical', 'laboratory procedure', 'pharmacologic substance']"
"potential","['qualitative concept']"
"practice experience","['intellectual product', 'mental process']"
"pre-existing","['qualitative concept']"
"prednisone","['disease or syndrome', 'gene or genome', 'hormone', 'organic chemical', 'pharmacologic substance']"
"pregnancy test negative","['finding', 'laboratory or test result']"
"pregnancy tests","['diagnostic procedure', 'laboratory procedure', 'medical device']"
"pregnant women","['population group']"
"prescription document","['gene or genome', 'health care activity', 'intellectual product', 'therapeutic or preventive procedure']"
"present","['finding', 'idea or concept']"
"presentation","['idea or concept']"
"prevention & control","['biologically active substance', 'gene or genome', 'intellectual product', 'qualitative concept', 'quantitative concept', 'temporal concept', 'therapeutic or preventive procedure']"
"prevention study","['qualitative concept', 'research activity', 'therapeutic or preventive procedure']"
"previous","['temporal concept']"
"principal investigator","['biologically active substance', 'finding', 'gene or genome', 'intellectual product', 'organic chemical', 'professional or occupational group', 'quantitative concept']"
"prisoners","['population group']"
"probability","['finding', 'quantitative concept']"
"product","['entity', 'pharmacologic substance', 'quantitative concept', 'substance']"
"prolonged","['functional concept', 'temporal concept']"
"prolonged qt interval","['disease or syndrome', 'finding']"
"protection","['finding']"
"proteins","['biologically active substance', 'cell component', 'conceptual entity', 'laboratory procedure']"
"proven venom","['biologically active substance', 'pharmacologic substance', 'qualitative concept']"
"provider","['functional concept', 'intellectual product']"
"proxy","['group', 'intellectual product']"
"psoriasis","['disease or syndrome']"
"psyche structure","['mental process']"
"psychiatric","['biomedical occupation or discipline', 'finding', 'functional concept', 'therapeutic or preventive procedure']"
"public entity","['intellectual product', 'organization']"
"public health domain","['health care activity', 'intellectual product']"
"pulmonary embolism","['pathologic function']"
"pulmonary fibrosis","['body space or junction', 'disease or syndrome', 'finding', 'pathologic function']"
"pulmonary hypertension","['finding', 'pathologic function']"
"pulmonary infiltrate","['finding']"
"pulse rate","['clinical attribute', 'health care activity', 'phenomenon or process', 'physiologic function']"
"purpose","['functional concept']"
"qtc interval","['clinical attribute', 'quantitative concept']"
"qualitative form","['diagnostic procedure', 'functional concept', 'manufactured object', 'organic chemical', 'pharmacologic substance', 'qualitative concept', 'quantitative concept', 'spatial concept']"
"questionnaires","['intellectual product']"
"radiographic","['natural phenomenon or process']"
"randomization","['finding', 'research activity']"
"rapid","['finding', 'gene or genome', 'molecular function', 'qualitative concept']"
"rate","['idea or concept', 'quantitative concept']"
"ratio","['intellectual product', 'quantitative concept']"
"recent","['temporal concept']"
"records","['idea or concept', 'intellectual product', 'qualitative concept', 'quantitative concept']"
"reference object","['conceptual entity', 'idea or concept', 'intellectual product']"
"refusal to participate","['finding', 'individual behavior']"
"regular","['qualitative concept']"
"relationships","['conceptual entity', 'functional concept', 'idea or concept', 'intellectual product', 'mental process', 'organic chemical', 'phenomenon or process', 'qualitative concept', 'social behavior']"
"relative","['idea or concept', 'qualitative concept']"
"relevance","['qualitative concept']"
"remdesivir","['organic chemical', 'pharmacologic substance']"
"renal dialysis","['eukaryote', 'functional concept', 'natural phenomenon or process', 'therapeutic or preventive procedure']"
"renal function","['organ or tissue function']"
"renal insufficiency","['disease or syndrome']"
"renal replacement therapy","['therapeutic or preventive procedure']"
"requirement","['functional concept', 'idea or concept', 'intellectual product']"
"research","['idea or concept', 'research activity']"
"research personnel","['professional or occupational group']"
"research study","['conceptual entity', 'research activity']"
"reside","['activity', 'qualitative concept']"
"respiration","['biologic function', 'cell function', 'intellectual product', 'organism function', 'phenomenon or process', 'physiologic function']"
"respiration disorders","['disease or syndrome']"
"respiratory distress","['sign or symptom']"
"respiratory distress syndrome","['disease or syndrome']"
"respiratory distress syndrome adult","['disease or syndrome', 'finding', 'pathologic function']"
"respiratory failure","['disease or syndrome', 'finding', 'pathologic function']"
"respiratory rate","['clinical attribute']"
"respiratory system","['body system', 'finding', 'pharmacologic substance']"
"respiratory tract infections","['disease or syndrome']"
"rest","['cell', 'daily or recreational activity', 'gene or genome', 'molecular function']"
"resuscitation procedure","['therapeutic or preventive procedure']"
"retina","['disease or syndrome', 'organic chemical', 'pharmacologic substance', 'vitamin']"
"retinal diseases","['disease or syndrome', 'finding']"
"reverse","['functional concept']"
"reverse transcriptase polymerase chain reaction","['molecular biology research technique']"
"reverse transcription","['genetic function']"
"rheumatoid arthritis","['disease or syndrome', 'pharmacologic substance', 'spatial concept']"
"rhinorrhea","['disease or syndrome', 'finding', 'sign or symptom']"
"risk","['conceptual entity', 'idea or concept']"
"risk factors","['finding', 'intellectual product']"
"ritonavir","['gene or genome', 'organic chemical', 'pharmacologic substance']"
"rna","['cell component', 'laboratory procedure']"
"room","['spatial concept']"
"room air","['finding']"
"routine","['idea or concept', 'intellectual product', 'qualitative concept', 'temporal concept']"
"rr genotype","['finding']"
"safe-biopharma standard","['intellectual product']"
"safety","['human-caused phenomenon or process', 'research activity']"
"sars coronavirus","['disease or syndrome', 'gene or genome', 'virus']"
"saturated","['natural phenomenon or process', 'quantitative concept']"
"scaling","['activity', 'conceptual entity', 'educational activity', 'finding', 'intellectual product', 'medical device']"
"scheme","['intellectual product']"
"scientific study","['laboratory procedure']"
"score","['qualitative concept', 'quantitative concept']"
"security - service","['biomedical or dental material', 'conceptual entity', 'mental process']"
"self-report","['research activity']"
"sepsis","['disease or syndrome', 'finding']"
"septic","['functional concept']"
"septic shock","['pathologic function']"
"serum","['biologically active substance', 'body substance', 'cell component', 'gene or genome', 'intellectual product', 'laboratory procedure', 'molecular function', 'pharmacologic substance', 'qualitative concept']"
"serum creatinine level","['finding']"
"services","['health care activity', 'idea or concept', 'manufactured object', 'occupational activity']"
"severe acute respiratory syndrome","['disease or syndrome', 'gene or genome', 'virus']"
"severe disease","['finding']"
"severities","['intellectual product', 'qualitative concept']"
"sex behavior","['behavior']"
"sgcg gene","['biologically active substance', 'gene or genome', 'intellectual product', 'qualitative concept']"
"signature","['amino acid sequence', 'idea or concept', 'intellectual product']"
"significant","['idea or concept', 'qualitative concept', 'quantitative concept']"
"signs and symptoms respiratory","['sign or symptom']"
"similarity","['qualitative concept']"
"simultaneous","['idea or concept', 'temporal concept']"
"skeletal bone","['body location or region', 'body substance', 'conceptual entity', 'disease or syndrome', 'gene or genome', 'intellectual product', 'tissue']"
"small","['quantitative concept', 'temporal concept']"
"smartphone","['manufactured object']"
"social","['functional concept']"
"social security program","['governmental or regulatory activity', 'quantitative concept']"
"solid","['biomedical or dental material', 'finding', 'organic chemical', 'qualitative concept', 'substance']"
"sore throat","['disease or syndrome', 'finding', 'organic chemical', 'pharmacologic substance', 'sign or symptom']"
"sore to touch","['mental process', 'sign or symptom']"
"specimen","['body substance', 'functional concept', 'intellectual product', 'substance']"
"sputum","['body substance', 'intellectual product']"
"square metres","['quantitative concept']"
"stable status","['functional concept', 'intellectual product', 'qualitative concept']"
"staff","['finding', 'professional or occupational group', 'qualitative concept']"
"standard of care","['health care activity']"
"state","['functional concept', 'geographic area', 'population group']"
"status","['idea or concept', 'qualitative concept']"
"stem cells","['cell', 'laboratory procedure']"
"steroids","['organic chemical', 'pharmacologic substance']"
"stroke ctcae","['disease or syndrome', 'finding']"
"study of serum","['biomedical occupation or discipline', 'intellectual product', 'laboratory procedure']"
"study subject","['functional concept', 'group', 'idea or concept', 'population group']"
"substance","['substance']"
"substance abuse problem","['mental or behavioral dysfunction']"
"supplement","['food', 'functional concept', 'idea or concept']"
"supplemental oxygen","['finding']"
"surgical service","['health care activity', 'therapeutic or preventive procedure']"
"surveys","['intellectual product', 'spatial concept']"
"survival aspects","['activity', 'functional concept']"
"suspected covid-19","['finding']"
"suspected qualifier","['idea or concept']"
"suspicion","['mental process']"
"swab","['biomedical or dental material', 'diagnostic procedure', 'medical device', 'quantitative concept', 'substance']"
"symptomatic","['functional concept']"
"system","['biomedical or dental material', 'functional concept', 'manufactured object', 'medical device', 'quantitative concept']"
"systemic","['functional concept']"
"systole","['eukaryote', 'temporal concept']"
"systolic pressure","['clinical attribute', 'diagnostic procedure']"
"tablet dosage form","['biomedical or dental material', 'quantitative concept']"
"team","['group']"
"telephone","['idea or concept', 'intellectual product', 'manufactured object', 'spatial concept']"
"temperature","['gene or genome', 'organism attribute', 'quantitative concept', 'therapeutic or preventive procedure']"
"teratologic","['congenital abnormality', 'fish', 'functional concept', 'immunologic factor', 'intellectual product', 'pharmacologic substance']"
"test result","['body location or region', 'functional concept', 'intellectual product', 'laboratory or test result', 'laboratory procedure', 'quantitative concept']"
"testing","['body location or region', 'functional concept', 'intellectual product', 'laboratory or test result', 'laboratory procedure', 'quantitative concept']"
"therapeutic","['functional concept', 'intellectual product', 'organic chemical', 'pharmacologic substance', 'therapeutic or preventive procedure']"
"therapeutic immunosuppression","['therapeutic or preventive procedure']"
"therapeutic procedure","['conceptual entity', 'enzyme', 'finding', 'functional concept', 'gene or genome', 'geographic area', 'health care activity', 'intellectual product', 'organic chemical', 'pharmacologic substance', 'research activity', 'therapeutic or preventive procedure']"
"throat","['body substance', 'intellectual product', 'pharmacologic substance']"
"thrombocytopenia","['disease or syndrome', 'finding']"
"thromboembolism","['finding', 'pathologic function']"
"thrombosis","['pathologic function']"
"time","['idea or concept', 'temporal concept']"
"times","['quantitative concept', 'temporal concept']"
"tocilizumab","['diagnostic procedure', 'immunologic factor', 'laboratory or test result', 'pharmacologic substance']"
"tomography","['diagnostic procedure']"
"total","['qualitative concept']"
"transaminases","['enzyme', 'laboratory procedure']"
"transitory","['finding', 'idea or concept', 'intellectual product', 'population group', 'temporal concept']"
"transplant","['finding', 'therapeutic or preventive procedure', 'tissue']"
"transplantation","['functional concept', 'therapeutic or preventive procedure', 'tissue']"
"transplanted organ","['therapeutic or preventive procedure', 'tissue']"
"trauma","['biomedical occupation or discipline', 'injury or poisoning', 'qualitative concept']"
"treating","['conceptual entity', 'functional concept', 'health care activity', 'research activity', 'therapeutic or preventive procedure']"
"treating physician","['professional or occupational group']"
"tributyrin","['disease or syndrome', 'organic chemical', 'pharmacologic substance', 'quantitative concept']"
"tuberculosis","['disease or syndrome', 'organic chemical', 'pharmacologic substance', 'quantitative concept']"
"type of agreement - standard","['idea or concept', 'intellectual product', 'qualitative concept']"
"ulcer","['body substance', 'intellectual product', 'pathologic function']"
"uncontrolled","['qualitative concept']"
"unit","['intellectual product', 'manufactured object', 'medical device', 'quantitative concept']"
"universities","['manufactured object', 'organization']"
"unsatisfactory","['qualitative concept']"
"unstable status","['finding']"
"upper","['spatial concept']"
"upper limit of normal","['quantitative concept']"
"urine pregnancy test","['laboratory procedure']"
"usual","['qualitative concept']"
"vaccines","['immunologic factor', 'pharmacologic substance']"
"vaccines attenuated","['immunologic factor', 'pharmacologic substance']"
"values","['qualitative concept']"
"vascular","['finding', 'qualitative concept']"
"vasoconstrictor agents","['pharmacologic substance']"
"venous","['spatial concept']"
"venous thrombosis","['pathologic function']"
"ventricular","['spatial concept']"
"ventricular arrhythmia","['diagnostic procedure', 'disease or syndrome', 'finding', 'laboratory or test result']"
"verbal","['functional concept', 'health care activity', 'qualitative concept']"
"version","['intellectual product', 'organic chemical', 'pharmacologic substance']"
"viral","['functional concept', 'virus']"
"viral load result","['finding', 'laboratory procedure']"
"visual","['functional concept', 'mental process', 'occupation or discipline']"
"vitamins","['organic chemical', 'pharmacologic substance', 'vitamin']"
"volume","['laboratory procedure', 'quantitative concept']"
"voluntary","['individual behavior', 'intellectual product']"
"voluntary workers","['idea or concept', 'professional or occupational group']"
"warburg therapy","['finding', 'therapeutic or preventive procedure']"
"week","['intellectual product', 'temporal concept']"
"withdrawal by subject","['idea or concept', 'therapeutic or preventive procedure']"
"work","['animal', 'idea or concept', 'occupational activity']"
"worker","['occupation or discipline', 'professional or occupational group']"
"workers","['occupation or discipline', 'professional or occupational group']"
"x-ray computed tomography","['diagnostic procedure', 'enzyme', 'gene or genome', 'geographic area', 'immunologic factor', 'intellectual product', 'language', 'mammal', 'molecular function', 'quantitative concept', 'therapeutic or preventive procedure']"
